Utagerande,SkolaNegativ,PsykSomBesv,Parenting,Community
0.4249375,0.638,0.572375,0.09025,0.06
0.9615,1.082,1.12425,0.376,0.453125
