SkolaPositiv,Wellbeing
-1.197875,-0.6295
0.926875,0.814625
